Keyword,URL
hardware,https://www.investopedia.com/articles/investing/012716/worlds-top-10-hardware-companies-aaplibm.asp
hardware,https://www.investopedia.com/articles/investing/012716/worlds-top-10-hardware-companies-aaplibm.asp#toc-1-apple-aapl
hardware,https://www.investopedia.com/articles/investing/012716/worlds-top-10-hardware-companies-aaplibm.asp#toc-3-hon-hai-precision-industry-hnhpf
hardware,https://www.investopedia.com/articles/investing/012716/worlds-top-10-hardware-companies-aaplibm.asp#toc-4-dell-technologies-dell
hardware,https://www.investopedia.com/articles/investing/012716/worlds-top-10-hardware-companies-aaplibm.asp#toc-6-lenovo-group-lnvgy
hardware,https://builtin.com/hardware/hardware-companies
hardware,https://www.globaldata.com/companies/top-companies-by-sector/technology-media-and-telecom/global-it-hardware-companies-by-market-cap/
hardware,https://en.wikipedia.org/wiki/List_of_computer_hardware_manufacturers
hardware,https://finance.yahoo.com/news/15-biggest-tech-hardware-companies-060017390.html
hardware,https://www.hardwearco.com/
hardware,https://companiesmarketcap.com/tech-hardware/largest-tech-hardware-companies-by-market-cap/
hardware,https://builtin.com/companies/type/hardware-industry-companies
hardware,https://www.techtarget.com/searchdatacenter/tip/Top-AI-hardware-companies
hardware,http://www.hardwaretop100.org/hardware-companies-top-100.php
hardware,https://www.hardwareresources.com/
hardware,https://www.westernhardware.com/
hardware,https://www.spiceworks.com/tech/networking/articles/top-enterprise-networking-hardware-companies/
hardware,https://www.raypcb.com/hardware-manufacturing/
hardware,https://www.helpfulhardwareco.com/
hardware,https://en.wikipedia.org/wiki/Category:Computer_hardware_companies
hardware,https://www.f6s.com/companies/hardware/portugal/co
hardware,https://articulo.mercadolibre.com.co/MCO-958104688-fiable-hardware-company-rh-0532-f-a-montaje-en-superficie-co-_JM
hardware,https://www.builtinnyc.com/companies/type/hardware-industry-companies
hardware,https://www.componenthardware.com/en
hardware,https://hardware.co/
hardware,https://www.acehardware.com/
hardware,https://www.richelieu.com/intl/en/
hardware,https://rh.com/
hardware,https://www.paramounthardware.com/
hardware,https://www.reliablehardware.com/
hardware,https://www.bargainhardware.co.uk/
hardware,https://co.linkedin.com/company/acehardwarecorp
hardware,https://www.emtek.com/
hardware,https://www.builtinboston.com/companies/type/hardware-industry-companies
hardware,https://sandiegohardware.com/
hardware,https://www.builtinchicago.org/companies/type/hardware-industry-companies
hardware,https://www.jhcomaha.com/
hardware,https://www.floridahardware.com/
hardware,https://fhc-usa.com/
hardware,https://www.baldwinhardware.com/
hardware,https://www.millerhardware.com/
hardware,https://www.wallacehardware.com/
hardware,https://www.monroehardware.com/
hardware,https://degolhardware.en.made-in-china.com/
hardware,https://articulo.mercadolibre.com.co/MCO-1303569141-fiable-hardware-company-rh-23922393-a-tamano-mediano-latch-_JM
hardware,https://www.mountainhardwear.com/
hardware,https://househasson.com/
hardware,https://www.screener.in/company/compare/00000033/
hardware,https://tupelo-hardware.myshopify.com/
hardware,https://www.acehardware.com/about-us
hardware,https://www.fujitsu.com/global/about/resources/news/press-releases/2023/1226-01.html
hardware,https://www.failory.com/startups/hardware
hardware,https://www.tomshardware.com/
hardware,https://find-and-update.company-information.service.gov.uk/company/00312160
hardware,https://finance.yahoo.com/news/16-biggest-hardware-companies-world-200915734.html
hardware,https://www.facebook.com/BindleyHardwareCo/
hardware,https://www.mckinsey.com/industries/semiconductors/our-insights/from-hardware-to-software-how-semiconductor-companies-can-lead-a-successful-transformation
hardware,https://www.ycombinator.com/companies/industry/hardware
hardware,https://wellfound.com/startups/industry/hardware
hardware,https://ictbuz.com/hardware-companies/
hardware,https://sewellhardware.com/
hardware,https://www.f6s.com/companies/hardware/italy/co
hardware,https://www.austinhardware.com/
hardware,"https://www.glassdoor.com/Explore/top-computer-hardware-development-companies_II.4,33_IIND200060.htm"
hardware,https://www.truevalue.com/
hardware,https://www.chicagohardware.com/
hardware,https://www.charlestonhardware.com/
hardware,https://johnsonhardware.com/
hardware,https://disfold.com/industry/computer-hardware/companies/
hardware,https://www.builtinla.com/companies/type/hardware-industry-companies
hardware,https://jeskehardware.com/
hardware,https://www.destinationlighting.com/brand/seattle-hardware-co
hardware,https://www.nzhardware.co.nz/
hardware,https://www.libertyhardware.com/
hardware,https://www.liko.hk/
hardware,https://www.russellhardware.com/
hardware,https://www.amazon.com/Reliable-Hardware-Company-RH-1606-8-Amplifier/dp/B00JJ191Z6
hardware,https://www.facebook.com/hardwaredotco/
hardware,https://www.beesonhardware.com/
hardware,https://www.tchco.com/
hardware,https://www.orgill.com/
hardware,https://www.hafele.com/us/en/
hardware,https://www.rockymountainhardware.com/
hardware,http://pensacolahardware.com/
hardware,https://www.littlehardware.com/
hardware,https://kitchenhardwareco.wordpress.com/
hardware,https://nixahardware.com/
hardware,https://companiesmarketcap.com/tech-hardware/largest-tech-hardware-companies-by-revenue/
hardware,https://pvhardware.com/
hardware,https://www.castlehardware.com/
hardware,https://www.builtinaustin.com/companies/type/hardware-industry-companies
hardware,https://www.blum.com/us/en/
hardware,https://www.timelyhardware.com/
hardware,https://colombia.yaxa.co/products/reliable-hardware-company-rh-16-srr-a-riel-de-rack-negro/
hardware,https://jwright.com/
hardware,https://en.dtcdtc.com/
hardware,https://delaneyhardware.com/
hardware,https://wheelerhardware.com/
hardware,https://www.brandroot.com/hardware-business-name-generator
hardware,https://www.ledger.com/
hardware,http://www.phelpscompany.com/
hardware,https://www.justdial.com/Delhi/Lakhani-Hardware-Company-Opposite-Bank-Of-India-New-Industrial-Township-1-Faridabad-NIT/011PXX11-XX11-130215142051-A9A1_BZDET
hardware,https://stevensacehardware.com/
hardware,https://www.nanz.com/
hardware,https://www.clydehardware.com/
hardware,https://www.zoohardware.co.uk/
hardware,https://www.montgomeryhardware.com/
hardware,https://www.cairnshardware.com.au/
hardware,https://albawarditools.com/
hardware,https://www.bostwick-braun.com/
hardware,https://ticker.finology.in/sector/it-hardware
hardware,https://www.andrewsace.com/
hardware,https://www.colonyhardware.com/
hardware,https://schaubandcompany.com/
hardware,https://cih-inc.com/
hardware,https://riograndeco.com/denver-hardware-co/
hardware,https://www.doorframehardware.com/
hardware,https://accuratelockandhardware.com/
hardware,https://www.hagerco.com/home
hardware,https://www.hippohardware.com/
hardware,https://hickoryhardware.com/
hardware,https://craftsmenhardware.com/
hardware,https://www.builtinseattle.com/companies/type/hardware-industry-companies
hardware,https://predictabledesigns.com/10-successful-hardware-companies-you-probably-never-heard-about/
hardware,https://www.modularmanagement.com/blog/from-a-hardware-first-to-a-software-first-business
hardware,https://www.helpfulhardwareco.com/apply-online
hardware,https://www.naukri.com/hardware-jobs
hardware,https://www.dnd.com.tw/en/index/index.html
hardware,https://www.northwesthardware.com/
hardware,https://www.builtincolorado.com/companies/type/hardware-industry-companies
